Month, Downloads
2015-10,undefined
2015-11,undefined
2015-12,undefined
2016-01,undefined
2016-02,undefined
2016-03,undefined
2016-04,undefined
2016-05,undefined
2016-06,undefined
2016-07,undefined
2016-08,undefined
2016-09,undefined
2016-10,undefined
2016-11,undefined
2016-12,undefined
2017-01,undefined
2017-02,undefined
2017-03,undefined
2017-04,undefined
2017-05,undefined
2017-06,undefined
2017-07,undefined
2017-08,undefined
2017-09,undefined
2017-10,undefined
2017-11,undefined
2017-12,undefined
2018-01,undefined
2018-02,undefined
2018-03,undefined
2018-04,undefined
2018-05,undefined
2018-06,undefined
2018-07,undefined
2018-08,undefined
2018-09,undefined
2018-10,undefined
2018-11,undefined
2018-12,undefined
2019-01,undefined
2019-02,undefined
2019-03,undefined
2019-04,undefined
2019-05,undefined
2019-06,undefined
2019-07,undefined
2019-08,undefined
2019-09,undefined
2019-10,undefined
2019-11,undefined
2019-12,undefined
2020-01,undefined
2020-02,undefined
2020-03,undefined
2020-04,undefined
2020-05,undefined
2020-06,undefined
2020-07,undefined
2020-08,undefined
2020-09,undefined
2020-10,undefined
2020-11,undefined
2020-12,undefined
2021-01,undefined
2021-02,undefined
2021-03,undefined
2021-04,undefined
2021-05,undefined
2021-06,undefined
2021-07,undefined
2021-08,undefined
2021-09,undefined
2021-10,undefined
2021-11,undefined
2021-12,undefined
2022-01,undefined
2022-02,undefined
2022-03,undefined
2022-04,undefined
2022-05,undefined
2022-06,undefined
2022-07,undefined
2022-08,undefined
2022-09,undefined
2022-10,undefined
2022-11,undefined
2022-12,undefined
2023-01,undefined
2023-02,undefined
2023-03,undefined
2023-04,undefined
2023-05,undefined
2023-06,undefined
2023-07,undefined
2023-08,undefined
2023-09,undefined
2023-10,undefined
2023-11,undefined
2023-12,undefined
2024-01,undefined
2024-02,undefined
2024-03,undefined
2024-04,undefined
2024-05,undefined
2024-06,undefined
2024-07,undefined
2024-08,undefined
2024-09,undefined
2024-10,undefined
